Date,Portfolio_Value,Daily_Return
2023-01-02,99900.09990009991,0.0
2023-01-03,99934.70433286214,0.000346390371949834
2023-01-04,98919.47545600715,-0.01015892210451208
2023-01-05,95242.8210341887,-0.03716815525829975
2023-01-06,94773.99108559446,-0.004922470203039708
2023-01-09,95842.35103084682,0.011272712407853325
2023-01-10,96042.3236306551,0.002086474274237249
2023-01-11,94711.9666814594,-0.013851778038105222
2023-01-12,95409.98771350583,0.007369934935403277
2023-01-13,96306.07549689144,0.009391970430562724
2023-01-16,96335.76253986653,0.00030825721868432687
2023-01-17,97541.92484956181,0.012520400294710354
2023-01-18,97908.79519393467,0.0037611554717489337
2023-01-19,97981.29369063821,0.0007404697050958919
2023-01-20,97399.79330621404,-0.005934810232861132
2023-01-23,98506.9258036381,0.011366887545062543
2023-01-24,99897.77008606671,0.014119253758878791
2023-01-25,97855.24619919906,-0.020446140940963198
2023-01-27,96574.1023118629,-0.01309223508291213
2023-01-30,97172.23901907555,0.006193551820767862
2023-01-31,96543.16574314027,-0.006473796243511409
2023-02-01,96548.90222815803,5.941886174531952e-05
2023-02-02,97843.63141615229,0.013410087096947354
2023-02-03,98551.0985224967,0.007230589217763095
2023-02-06,97849.93414878259,-0.007114729152958743
2023-02-07,98247.14143402262,0.004059351584601689
2023-02-08,100142.70593793936,0.019293838744302905
2023-02-09,101068.48239170977,0.009244571984545091
2023-02-10,100513.88929340692,-0.005487300147175689
2023-02-13,99410.13552730711,-0.010981106928196538
2023-02-14,100549.47589417898,0.011461008083616386
2023-02-15,101087.57336176434,0.005351569093723363
2023-02-16,101208.99179959446,0.0012011213029676782
2023-02-17,100235.48066865202,-0.009618820557664498
2023-02-20,99452.5135082732,-0.00781127755517097
2023-02-21,99453.8744219571,1.368405519253102e-05
2023-02-22,97764.27771793446,-0.01698874693261443
2023-02-23,97182.87549411123,-0.005946980199666219
2023-02-24,97514.95841020707,0.0034170929230834535
2023-02-27,95705.71310105722,-0.01855351567232444
2023-02-28,95575.58681938882,-0.0013596500924767385
2023-03-01,96431.60382842121,0.008956440002299226
2023-03-02,95108.9981448125,-0.013715479480793435
2023-03-03,96213.0432621281,0.011608208885079296
2023-03-06,96143.28214004342,-0.0007250692808316028
2023-03-08,95981.15724799587,-0.0016862841421556585
2023-03-09,95814.92636279113,-0.0017319116581938632
2023-03-10,94557.80198745587,-0.013120339628246658
2023-03-13,93022.62231571405,-0.01623535699302181
2023-03-14,93383.53797805545,0.0038798697924948833
2023-03-15,92259.67756553809,-0.012034887913343506
2023-03-16,91404.62997533263,-0.009267836315578593
2023-03-17,91432.89689090106,0.00030925036922146987
2023-03-20,90571.67316244115,-0.009419188910611997
2023-03-21,90558.78843017592,-0.00014226006670015057
2023-03-22,91229.0456470009,0.007401349205789831
2023-03-23,91129.67052150637,-0.0010892926127830105
2023-03-24,90887.00349026159,-0.002662876205478115
2023-03-27,90833.03884668261,-0.0005937553391202055
2023-03-28,90252.19049864248,-0.006394681444276573
2023-03-29,89693.06576414159,-0.006195137551916807
2023-03-31,91970.68026438482,0.02539342903310371
2023-04-03,92482.27642837355,0.00556260063009284
2023-04-05,93073.63370121867,0.006394276781271913
2023-04-06,91756.56676823267,-0.014150805986730797
2023-04-10,91703.98463865573,-0.0005730612143516334
2023-04-11,92064.88376404929,0.003935479214077997
2023-04-12,92865.2165915739,0.008693138955953916
2023-04-13,93248.49450022957,0.004127249391355559
2023-04-17,92585.51859618444,-0.007109775955079889
2023-04-18,92666.47477097422,0.0008743934906589867
2023-04-19,92130.99877620177,-0.005778529895476003
2023-04-20,92444.58054032794,0.0034036509784063362
2023-04-21,91161.59565345928,-0.013878421854150336
2023-04-24,91466.9309840402,0.0033493855432458197
2023-04-25,91458.18491408505,-9.562002202379016e-05
2023-04-26,92302.25496767098,0.009229026952358943
2023-04-27,92402.63986479813,0.0010875671148262711
2023-04-28,93332.32953364807,0.010061289052025302
2023-05-02,93299.94920003008,-0.0003469358772011377
2023-05-03,92385.23627392869,-0.00980400240240531
2023-05-04,94486.08137495816,0.02274005226116782
2023-05-05,94363.64445482063,-0.0012958196419602386
2023-05-08,96747.51941603003,0.02526264193145633
2023-05-09,96167.68859781163,-0.0059932370537071344
2023-05-10,97045.14719552119,0.009124255875372356
2023-05-11,97771.61197342932,0.007485843433721495
2023-05-12,98325.66933306634,0.005666853071703448
2023-05-15,97645.37801226269,-0.006918756062562315
2023-05-16,97493.93494728583,-0.0015509496512763343
2023-05-17,96517.47303468635,-0.010015617003534039
2023-05-18,96127.80400947758,-0.004037289963742974
2023-05-19,97068.59151306469,0.009786840688614351
2023-05-22,97898.84120912285,0.00855322698224592
2023-05-23,98083.28053547235,0.0018839786464430741
2023-05-24,98069.17956615193,-0.0001437652701198333
2023-05-25,98682.762953233,0.00625663832200396
2023-05-26,99635.25096840148,0.009652020136686534
2023-05-29,99519.05101650041,-0.0011662534170554517
2023-05-30,100035.6111148397,0.005190564952771259
2023-05-31,98933.07550038127,-0.011021431290030748
2023-06-01,99165.36981921716,0.002347994517111651
2023-06-02,98887.29913866177,-0.0028041107602616577
2023-06-05,99262.40995481686,0.0037933164260974817
2023-06-06,100559.13697346834,0.013063626192853173
2023-06-07,100170.89075861353,-0.0038608745713205606
2023-06-08,99425.40177140076,-0.0074421718881306775
2023-06-09,99456.47837003841,0.0003125619618726816
2023-06-12,99283.75549665344,-0.0017366678995243134
2023-06-13,100500.09109527299,0.012251103844078015
2023-06-14,100630.69530512037,0.001299543198658215
2023-06-15,100852.75227809638,0.002206652476192339
2023-06-16,101885.09578124738,0.010236146062770457
2023-06-19,102448.33388673281,0.005528169759929646
2023-06-20,101601.83023344277,-0.008262737139541398
2023-06-21,101450.58200792957,-0.0014886368204755085
2023-06-22,99650.83625537105,-0.017740122500409572
2023-06-23,98954.48108259076,-0.006987951119604929
2023-06-26,98434.76025849997,-0.005252120150648021
2023-06-27,99288.27142280011,0.008670830934709883
2023-06-28,99720.53600611651,0.00435363187536697
2023-06-30,100845.08378648652,0.011276992938556107
2023-07-03,100399.50218406827,-0.004418476198221444
2023-07-04,100127.46938919931,-0.0027095034233359794
2023-07-05,98443.41600748144,-0.016819094619997643
2023-07-06,99534.1837149967,0.011080148899265785
2023-07-07,99009.1842045126,-0.005274564887048028
2023-07-10,100639.3977307897,0.016465275816329727
2023-07-11,100588.73818139828,-0.0005033769133528931
2023-07-12,100564.36640638972,-0.00024229128875852268
2023-07-13,100393.90359912216,-0.0016950617137952984
2023-07-14,100403.34833953965,9.407683214712748e-05
2023-07-17,101421.63918931119,0.01014200090546713
2023-07-18,103358.51052320653,0.019097219778513086
2023-07-19,102960.383157265,-0.0038519069588579535
2023-07-20,102086.15920809573,-0.008490876999107
2023-07-21,96501.16863140557,-0.054708597326161956
2023-07-24,96870.55714557949,0.0038278138950298413
2023-07-25,97161.14010096966,0.002999703562698297
2023-07-26,96139.45570243473,-0.010515360333083756
2023-07-27,94884.51819058019,-0.0130533036897853
2023-07-28,95797.92080252641,0.009626466249337051
2023-07-31,95190.50257882939,-0.006340620115849127
2023-08-01,94013.4123967252,-0.012365626299004062
2023-08-02,93207.03536571517,-0.008577255207025236
2023-08-03,92913.6000113238,-0.003148210360301995
2023-08-04,93183.27888448068,0.002902469316913958
2023-08-07,93524.26240421669,0.003659277971520325
2023-08-08,93249.73448554229,-0.002935365771588483
2023-08-09,93282.02292856676,0.0003462577475701334
2023-08-10,92830.29531679834,-0.004842600938386066
2023-08-11,92341.14563293918,-0.005269289321873316
2023-08-14,92897.71882372454,0.006027358519004933
2023-08-16,93103.83241233937,0.002218715284127981
2023-08-17,92416.4504857552,-0.007382960601878263
2023-08-18,92636.26087264068,0.0023784768375123555
2023-08-21,92169.09589828254,-0.00504300335481378
2023-08-22,92169.83458863199,8.014512264065132e-06
2023-08-23,92455.9117623344,0.003103804785798081
2023-08-24,93098.55848181517,0.006950845080980317
2023-08-25,92665.50188524558,-0.004651592931529391
2023-08-28,92193.85266503178,-0.005089803763194234
2023-08-29,92428.77708797285,0.0025481571292460536
2023-08-30,91847.57752262872,-0.00628808022409455
2023-08-31,91170.8736527905,-0.00736768337381033
2023-09-01,92647.50444903495,0.016196299729099417
2023-09-04,92078.27515472795,-0.006144032671923094
2023-09-05,91746.35257354438,-0.003604787129491749
2023-09-06,91387.68901894506,-0.003909294969648092
2023-09-07,92518.39581200563,0.012372637990946123
2023-09-08,93046.8060441756,0.005711407202127372
2023-09-11,94482.8491535978,0.015433556190423303
2023-09-12,94661.82697403635,0.0018942889851638611
2023-09-13,94600.90964511034,-0.0006435258104907637
2023-09-14,94879.76461315466,0.002947698590747505
2023-09-15,96199.5978913759,0.013910587611620784
2023-09-18,95077.32834951751,-0.011666052316825715
2023-09-20,94585.23023715138,-0.005175767145634502
2023-09-21,94686.23576033098,0.001067878387845056
2023-09-22,94589.75451658851,-0.001018957433123413
2023-09-25,94000.56552570336,-0.006228888042856817
2023-09-26,94165.84892733506,0.0017583234814315674
2023-09-27,94517.77206060413,0.0037372692677644093
2023-09-28,93413.19215453112,-0.01168647844729942
2023-09-29,94045.30010162917,0.006766795272902915
2023-10-03,93630.03783204634,-0.004415555792092518
2023-10-04,92909.73395847189,-0.007693085362910246
2023-10-05,93123.96081476325,0.002305752553194429
2023-10-06,94848.6982970124,0.01852087762546839
2023-10-09,93757.52226376586,-0.011504385962468278
2023-10-10,93727.23865367408,-0.0003229992576657681
2023-10-11,94232.83541740618,0.005394341826289173
2023-10-12,93376.26632341693,-0.009089921683827717
2023-10-13,93973.2969654777,0.006393815747492981
2023-10-16,92976.02624126515,-0.010612277704579287
2023-10-17,93399.21868956569,0.004551629763164922
2023-10-18,92942.96931685254,-0.004884937787644761
2023-10-19,92516.21888409904,-0.004591530009103284
2023-10-20,92176.41490088664,-0.0036729125693960585
2023-10-23,90536.20437610803,-0.017794253839686136
2023-10-25,89451.34406721586,-0.011982613103432183
2023-10-26,88729.74216828571,-0.008066976594425679
2023-10-27,90519.03391396659,0.020165636707106582
2023-10-30,90754.20470642045,0.0025980258768270037
2023-10-31,90675.12704117113,-0.0008713388597820781
2023-11-01,90249.80816039843,-0.00469057937552797
2023-11-02,91215.64976741862,0.010701868809556148
2023-11-03,90949.30869437213,-0.0029199054518124212
2023-11-06,91269.08446117544,0.003515977981513707
2023-11-07,91429.51437145312,0.001757768374962998
2023-11-08,90400.89463325306,-0.01125041235613533
2023-11-09,89951.30919803941,-0.004973240995430062
2023-11-10,89818.15347240746,-0.0014803089228950794
2023-11-13,89591.32944884078,-0.002525369480417483
2023-11-15,90309.05315165527,0.008011084412184344
2023-11-16,90550.46349255252,0.0026731577009433405
2023-11-17,90620.68278839017,0.0007754714126164686
2023-11-20,90626.42434595915,6.335813626989761e-05
2023-11-21,90581.10644336569,-0.0005000517555505679
2023-11-22,91430.94165934631,0.009382036159074403
2023-11-23,90879.31175584324,-0.006033295660000215
2023-11-24,89847.00229655352,-0.011359124968542189
2023-11-28,90001.99990994771,0.001725128378603058
2023-11-29,91379.62516082748,0.015306607100488367
2023-11-30,92251.15779935248,0.0095374941294748
2023-12-01,92151.06770613049,-0.0010849738432517908
2023-12-04,94383.36218676931,0.02422429317647845
2023-12-05,95360.45880346099,0.010352424347398914
2023-12-06,94570.99634218361,-0.008278719200632945
2023-12-07,93251.56972327502,-0.013951704750307825
2023-12-08,93827.17559341784,0.006172613199444621
2023-12-11,93964.04066501232,0.0014586932914570916
2023-12-12,94340.63577796958,0.004007864181786891
2023-12-13,93119.19722631839,-0.012947109605301432
2023-12-14,95620.61885771534,0.026862577276278055
2023-12-15,100739.57389446304,0.05353400864686697
2023-12-18,100958.31427466017,0.0021713451004496953
2023-12-19,99858.96846159152,-0.010889106270909443
2023-12-20,97763.66754490073,-0.020982601252252042
2023-12-21,97260.43943680535,-0.005147393921819288
2023-12-22,99101.95273060472,0.01893383686587069
2023-12-26,98380.17588456991,-0.007283174812880544
2023-12-27,98996.26160681,0.006262295393362205
2023-12-28,99838.35368480973,0.00850630179697398
2023-12-29,100019.06934513358,0.0018100825349582905
2024-01-01,99745.42720391066,-0.002735899694074062
2024-01-02,99005.50194932337,-0.007418137104918565
2024-01-03,98099.8160146829,-0.009147834381002862
2024-01-04,98363.9925526704,0.002692936120776812
2024-01-05,98626.56771476507,0.00266942358967448
2024-01-08,97096.23234616299,-0.015516461781656221
2024-01-09,97745.01693468961,0.006681871920772409
2024-01-10,97379.93665720454,-0.003735027001212865
2024-01-11,97319.10399675209,-0.0006246939825663711
2024-01-12,97889.25928319298,0.005858616273942685
2024-01-15,97750.36729023527,-0.0014188685661201683
2024-01-16,96134.57268660593,-0.016529805957984922
2024-01-17,97019.7923164028,0.009208129864816117
2024-01-18,96833.84476754669,-0.001916593969297553
2024-01-19,97709.46767890078,0.00904252963884744
2024-01-23,95639.8022700349,-0.021181830768614462
2024-01-24,95572.05574533562,-0.0007083507398729649
2024-01-25,94857.53039352284,-0.007476299910475048
2024-01-29,95033.0762985537,0.0018506269802998077
2024-01-30,93563.46218984883,-0.015464237988971008
2024-01-31,94679.61530545919,0.011929369536856083
2024-02-01,93883.14113767684,-0.008412308871479146
2024-02-02,94885.66590734886,0.010678432331123755
2024-02-05,92564.51819628011,-0.02446257491974846
2024-02-06,96307.25652726073,0.04043383365367137
2024-02-07,96097.74845330654,-0.002175413167281759
2024-02-08,95837.10706356671,-0.0027122528252206957
2024-02-09,95783.40864326517,-0.0005603092783876829
2024-02-12,95338.37191888675,-0.004646281967641275
2024-02-13,95632.9321656588,0.003089629504295033
2024-02-14,95230.18775952366,-0.004211356872729666
2024-02-15,95010.1094184882,-0.002311014460994354
2024-02-16,95440.59170873176,0.004530910372362973
2024-02-19,95189.65245019685,-0.002629271822839674
2024-02-20,95264.72117039538,0.000788622694444685
2024-02-21,95491.03969534289,0.002375680337558528
2024-02-22,96776.80789491546,0.013464804694500287
2024-02-23,96206.48965295838,-0.005893129297841249
2024-02-26,95407.40102159626,-0.008305974308434272
2024-02-27,95625.18009993162,0.002282622480053398
2024-02-28,94028.6594807663,-0.016695609017383206
2024-02-29,94466.15351964989,0.004652773327828541
2024-03-01,97041.06369090272,0.02725748932624028
2024-03-04,97582.24488184476,0.005576826658308498
2024-03-05,97157.13161884015,-0.0043564611935228426
2024-03-06,97651.99412226843,0.005093424385661072
2024-03-07,96464.04665173095,-0.012165112256182553
2024-03-11,95460.83339754309,-0.010399866986814499
2024-03-12,96575.3155434086,0.01167475818301611
2024-03-13,94658.50750816645,-0.01984780504683492
2024-03-14,96368.12035595573,0.018060847279276926
2024-03-15,97516.17507851194,0.011913221076800262
2024-03-18,96761.00656769496,-0.007744033338151102
2024-03-19,96718.24168045273,-0.0004419640592753238
2024-03-20,98285.14198586019,0.01620066988587676
2024-03-21,97713.60206576713,-0.005815120256684181
2024-03-22,100103.67351417124,0.024459966656386722
2024-03-26,98635.70555965768,-0.014664476367150958
2024-03-27,100485.59647029173,0.018754779520638865
2024-03-28,102435.90556280971,0.019408842272181648
2024-04-01,102148.29421221546,-0.002807720095937438
2024-04-02,101771.84916248107,-0.0036852798437565504
2024-04-03,101982.97485767107,0.002074499942051
2024-04-04,102367.32141190051,0.0037687325238928704
2024-04-05,101016.5267110204,-0.013195565559880662
2024-04-08,102633.55820357228,0.016007593462184166
2024-04-09,102362.40314751223,-0.002641972672546511
2024-04-10,102449.76843835393,0.0008534900330132711
2024-04-12,102088.80019133427,-0.0035233681102643244
2024-04-15,100305.71108785734,-0.017466059941296908
2024-04-16,100005.63793808244,-0.0029915858879867585
2024-04-18,101975.98351443384,0.01970234495750467
2024-04-19,103126.80057787898,0.011285177389657175
2024-04-22,103602.52539415553,0.004613008583712386
2024-04-23,106244.91242735424,0.025505044622665007
2024-04-24,105795.87846489309,-0.004226404372709935
2024-04-25,105800.39208987818,4.266352385928762e-05
2024-04-26,104405.47603189516,-0.013184412934859724
2024-04-29,104399.2719669354,-5.9422792707430894e-05
2024-04-30,103562.95028566074,-0.00801079993679965
2024-05-02,102355.30929583809,-0.011660936526929566
2024-05-03,101428.26289436873,-0.00905714034618288
2024-05-06,101651.0362498204,0.002196363706669091
2024-05-07,101763.06786849994,0.0011021197895533241
2024-05-08,101342.52918432362,-0.004132527575915423
2024-05-09,100801.73665267054,-0.005336284144532022
2024-05-10,100002.19661486003,-0.007931808164828191
2024-05-13,100984.20555969837,0.009819873743577512
2024-05-14,101307.01614912307,0.0031966443429003455
2024-05-15,100557.62505489396,-0.007397227978030774
2024-05-16,99907.92586126394,-0.006460963982346968
2024-05-17,99993.35937045935,0.0008551224385746625
2024-05-21,98918.81103665249,-0.010746196953198006
2024-05-22,99895.8887907789,0.00987757276787704
2024-05-23,101732.75866063026,0.018387842503693852
2024-05-24,102064.65373830622,0.0032624208961355983
2024-05-27,101227.15493956936,-0.008205571351706298
2024-05-28,100833.65935887891,-0.0038872531874016847
2024-05-29,100319.35466009824,-0.005100525975658576
2024-05-30,100538.18413631583,0.0021813285876790545
2024-05-31,100930.5951750819,0.0039031044984263463
2024-06-03,102742.56391446551,0.01795262116745122
2024-06-04,95911.38478990497,-0.06648830693233998
2024-06-05,99801.93495027068,0.040564007796238144
2024-06-06,100137.55825228727,0.003362893737319128
2024-06-07,101083.99965079181,0.009451412786799507
2024-06-10,100581.90480837735,-0.004967105023040319
2024-06-11,100761.71295689399,0.0017876788957138512
2024-06-12,100572.3711245124,-0.0018791049380292302
2024-06-13,99954.13158793704,-0.006147210507843726
2024-06-14,99813.42337490403,-0.00140772783273313
2024-06-18,99959.97544475377,0.0014682601286932773
2024-06-19,100829.29662308171,0.008696692595812072
2024-06-20,101003.82565145964,0.001730935692533464
2024-06-21,100639.54325375898,-0.0036066198022807194
2024-06-24,100286.64067041987,-0.003506599612135286
2024-06-25,102647.95399970168,0.023545641907001258
2024-06-26,103211.84461724706,0.005493442349050692
2024-06-27,103132.85871599667,-0.0007652794264388918
2024-06-28,101892.62969416002,-0.012025546826467282
2024-07-01,102853.3130536064,0.009428389102626555
2024-07-02,103525.69733803009,0.006537312843517773
2024-07-03,102431.27453247605,-0.010571508656257111
2024-07-04,103204.04969340574,0.0075443282772458264
2024-07-05,104226.27309876122,0.00990487687636521
2024-07-08,104181.87434882535,-0.0004259842419367388
2024-07-09,103962.67687820352,-0.0021039885487941223
2024-07-10,102965.18122722923,-0.009594747662595271
2024-07-11,103170.92854342482,0.0019982222508940772
2024-07-12,106662.87817818386,0.03384625576272948
2024-07-15,106621.40572960707,-0.00038881801508783287
2024-07-16,106721.12729308591,0.0009352865195919602
2024-07-18,108493.16291907303,0.016604356334436243
2024-07-19,107947.89611469957,-0.00502581720085149
2024-07-22,108031.81922964637,0.0007774409503786828
2024-07-23,109422.04211156856,0.012868642700230248
2024-07-24,108360.47985385184,-0.009701539445172602
2024-07-25,107894.5202950188,-0.004300087628455462
2024-07-26,109582.81368150789,0.01564762864576208
2024-07-29,109142.49951668248,-0.0040180950829127315
2024-07-30,109248.74468889623,0.0009734537204502125
2024-07-31,109402.04417419578,0.0014032150734188953
2024-08-01,108877.07301849409,-0.004798549786380613
2024-08-02,106916.56523076334,-0.018006617310494133
2024-08-05,103121.03840417793,-0.03549989487965066
2024-08-06,103305.06519980311,0.001784570815742681
2024-08-07,103902.76638861003,0.00578578782803052
2024-08-08,104309.48433622334,0.003914409228452431
2024-08-09,104814.60156962826,0.004842486151851455
2024-08-12,104948.8935984076,0.001281233976643259
2024-08-13,103151.78132572985,-0.017123689550787247
2024-08-14,104050.41628235798,0.00871177351548047
2024-08-16,105860.76466249762,0.017398761531399964
2024-08-19,105802.35461570081,-0.0005517629405288327
2024-08-20,106454.71505417954,0.006165840456464844
2024-08-21,106487.54881212217,0.0003084293441197872
2024-08-22,105869.67440939517,-0.005802315947915471
2024-08-23,104957.4730231216,-0.008616267041174797
2024-08-26,107025.39646762697,0.019702488874230317
2024-08-27,107926.23809511447,0.008417082834726974
2024-08-28,109003.92870862567,0.009985436651293478
2024-08-29,109255.57604137613,0.0023086079165379747
2024-08-30,110396.02265810757,0.010438337868444725
2024-09-02,109583.91460686344,-0.007356316212217107
2024-09-03,108457.40974429832,-0.01027983775362018
2024-09-04,107899.81143794439,-0.005141172997479293
2024-09-05,107658.45062964733,-0.002236897405848315
2024-09-06,107145.74429143262,-0.004762341787533653
2024-09-09,106871.35671449886,-0.002560881710685914
2024-09-10,106572.00516829075,-0.0028010456254224936
2024-09-11,106464.18071114665,-0.001011752166751756
2024-09-12,108156.46324578891,0.01589532294653795
2024-09-13,107706.50613683753,-0.0041602424436608665
2024-09-16,106451.35156399384,-0.0116534703228518
2024-09-17,107528.56160165489,0.010119270651190115
2024-09-18,108159.11163763826,0.005864023721616096
2024-09-19,108636.7699177812,0.004416255578570505
2024-09-20,112120.8677649943,0.032071073632343294
2024-09-23,112457.68279577274,0.0030040351764348827
2024-09-24,111208.6734744274,-0.011106482814638663
2024-09-25,111299.42865829598,0.0008160800865000262
2024-09-26,112332.87845646474,0.009285310900755794
2024-09-27,110791.86555182253,-0.013718271318396202
2024-09-30,109620.1375332718,-0.010575939061181816
2024-10-01,109944.56356686499,0.002959547770086779
2024-10-03,106639.07938074488,-0.030065008026611717
2024-10-04,106407.33548169704,-0.002173161099979337
2024-10-07,105882.05635811732,-0.0049364935340390215
2024-10-08,106029.2299713553,0.001389976907326007
2024-10-09,106140.46638929835,0.0010491108722858744
2024-10-10,104900.16130193256,-0.011685506287645642
2024-10-11,104371.91791460378,-0.005035677550660256
2024-10-14,104658.28757882392,0.0027437424734730875
2024-10-15,104934.67443056437,0.002640850124098204
2024-10-16,105284.61077518578,0.0033348018328580586
2024-10-17,104530.39079790041,-0.0071636298195170145
2024-10-18,104515.29494902807,-0.00014441588476910017
2024-10-21,105359.0962230099,0.008073471680803745
2024-10-22,105281.45144232824,-0.0007369537464264608
2024-10-23,105263.74580636207,-0.0001681743148826964
2024-10-24,105733.91855280573,0.004466616144446878
2024-10-25,105656.42944917997,-0.0007328689287824375
2024-10-28,106727.24558367091,0.010134888525700214
2024-10-29,108337.00446242446,0.015082923483596744
2024-10-30,106584.46423846413,-0.016176746188032
2024-10-31,103688.96774956083,-0.027166215166453678
2024-11-01,103423.78277369437,-0.002557504251628373
2024-11-04,102773.62799977767,-0.00628631787080669
2024-11-05,104208.81056897447,0.01396450234490021
2024-11-06,105005.6673144402,0.007646731030849896
2024-11-07,103290.50961135919,-0.016333953651710642
2024-11-08,102427.65977040507,-0.008353621685096568
2024-11-11,101764.74751187844,-0.00647200433957551
2024-11-12,101900.22227029507,0.0013312543069083915
2024-11-13,101109.33024215192,-0.0077614357508001275
2024-11-14,100897.34638681388,-0.002096580551274041
2024-11-18,98515.71471438774,-0.023604502573294606
2024-11-19,98489.4902133591,-0.00026619612012834803
2024-11-21,99166.50168913332,0.006873946390702379
2024-11-22,102686.67644689037,0.03549761963764819
2024-11-25,101961.43283176786,-0.007062684665791186
2024-11-26,102404.22655919245,0.004342757012400833
2024-11-27,102929.89704240696,0.005133288936181257
2024-11-28,101347.60941557359,-0.015372478476117224
2024-11-29,101736.99052781513,0.0038420354903971887
2024-12-02,101848.58259804061,0.0010968682054239842
2024-12-03,101315.43082984023,-0.0052347490225223
2024-12-04,99509.1613746892,-0.01782817721206431
2024-12-05,100714.81327929856,0.012115988999943816
2024-12-06,100787.45546823094,0.0007212661828694955
2024-12-09,100558.90008364247,-0.002267696743872172
2024-12-10,100286.46542426862,-0.0027092048455903406
2024-12-11,100094.4356626611,-0.0019148123407792816
2024-12-12,100301.48217121957,0.0020685116728791364
2024-12-13,100851.57588471401,0.005484402638790575
2024-12-16,99812.72989725182,-0.010300741246222267
2024-12-17,98009.44361695432,-0.01806669632374369
2024-12-18,97064.7575643082,-0.00963872477776928
2024-12-19,95937.3753704185,-0.01161474279830943
2024-12-20,94784.26362046016,-0.012019421476834435
2024-12-23,94985.99538050938,0.0021283254450021882
2024-12-24,94841.49660595454,-0.0015212639924021554
2024-12-26,94590.81881612589,-0.002643123514490364
2024-12-27,94961.19643541725,0.003915576838501966
2024-12-30,94281.49573892567,-0.007157667784375876
2024-12-31,93525.87156221425,-0.008014554402104745
2025-01-01,93465.50706845951,-0.000645430967350924
2025-01-02,95190.99278846901,0.018461203219554134
2025-01-03,93636.2595304976,-0.016332777003663534
2025-01-06,93570.75076717633,-0.0006996089298070274
2025-01-07,93463.32462881567,-0.0011480739171150223
2025-01-08,93873.32395966508,0.004386740279972878
2025-01-09,93052.94332499272,-0.0087392307001386
2025-01-10,92684.82762009863,-0.0039559813127934
2025-01-13,91098.77608953742,-0.017112310302417555
2025-01-14,88939.17062798516,-0.0237061962218863
2025-01-15,89208.7086356575,0.003030588274763213
2025-01-16,88228.72459009357,-0.01098529572450535
2025-01-17,88331.1200527116,0.0011605683193740557
2025-01-20,87489.75455273784,-0.009525131114285434
2025-01-21,85929.610993765,-0.017832300101292442
2025-01-22,86540.85579684438,0.00711331979756924
2025-01-23,86182.59653551863,-0.004139770262577058
2025-01-24,85317.88910206094,-0.010033434454499335
2025-01-27,84674.82074480892,-0.007537321469390235
2025-01-28,84784.13239687448,0.001290958175099055
2025-01-29,85894.12648996606,0.013092002733432473
2025-01-30,85837.97604060709,-0.0006537169845429736
2025-01-31,87361.7157161686,0.017751346733066997
2025-02-01,87359.70050579312,-2.3067431299428343e-05
2025-02-03,86330.40610324375,-0.011782256539227931
2025-02-04,86485.69936731781,0.001798824667734511
2025-02-05,86584.34424119121,0.0011405917347611094
2025-02-06,86531.28079214365,-0.0006128526988637972
2025-02-07,86281.48424863239,-0.002886777373737104
2025-02-10,84663.03598286718,-0.018757770335770085
2025-02-11,84495.52848768144,-0.0019785198255781733
2025-02-12,84721.5342468654,0.0026747659104457977
2025-02-13,84451.09975291174,-0.003192039619651421
2025-02-14,84711.34199057211,0.0030815731046935912
2025-02-17,83473.63437334515,-0.014610884305961136
2025-02-18,83806.81731376951,0.003991475187652194
2025-02-19,83776.66399468746,-0.0003597955398920716
2025-02-20,82603.99348016537,-0.013997579500139246
2025-02-21,82721.609589384,0.0014238550009917361
2025-02-24,81976.4357142372,-0.009008212954821682
2025-02-25,82277.04666870665,0.0036670410447869894
2025-02-27,83444.27279466561,0.014186534072605506
2025-02-28,82349.02698551075,-0.013125476110864676
2025-03-03,81690.4272033721,-0.007997663193452409
2025-03-04,81694.90696452839,5.483826330254793e-05
2025-03-05,79854.93630106859,-0.02252246476342401
2025-03-06,80414.67556908037,0.007009451061377847
2025-03-07,80337.80592974619,-0.0009559155563357846
2025-03-10,79842.9098833755,-0.006160188726133109
2025-03-11,79582.78301694962,-0.003257983292515809
2025-03-12,79469.94423306386,-0.0014178793403307743
2025-03-13,78853.52072252712,-0.007756687342436508
2025-03-17,78341.88266494681,-0.006488461807313328
2025-03-18,78341.88266494681,0.0
2025-03-19,80393.62586238525,0.026189608005890763
2025-03-20,80421.92865433791,0.00035205268637983345
2025-03-21,82161.93372952807,0.021635953082757897
2025-03-24,83253.93594053964,0.013290853336124897
2025-03-25,82706.63135334954,-0.006573918470124784
2025-03-26,81546.18796956795,-0.014030838456275618
2025-03-27,82200.21960350024,0.008020382683938232
2025-03-28,82292.06569338703,0.0011173460403124391
2025-04-01,80082.3744705526,-0.026851813771057165
2025-04-02,80862.12612051962,0.00973686975595034
2025-04-03,80781.60329036842,-0.000995804018697033
2025-04-04,80722.38112814742,-0.0007331144692452884
2025-04-07,79331.38724966063,-0.017231824173751353
2025-04-08,80827.8134424128,0.018862977752334142
2025-04-09,81785.01188716566,0.01184243893266812
2025-04-11,83035.18673085514,0.015286111902927724
2025-04-15,83777.90871171953,0.008944665630388648
2025-04-16,83481.15197888395,-0.0035421835827476045
2025-04-17,84115.90235284882,0.007603517188232267
2025-04-21,84030.611816399,-0.001013964471213047
2025-04-22,83195.13908905032,-0.00994248059474001
2025-04-23,84136.40056923182,0.011313899952423823
2025-04-24,83385.19512703735,-0.008928423810765862
2025-04-25,82712.72464286754,-0.00806462685786491
2025-04-28,84863.7795686773,0.026006336208817427
2025-04-29,86179.00205548358,0.01549804278681588
2025-04-30,86111.64122438435,-0.0007816385603520715
2025-05-02,86290.71458690232,0.0020795488272178364
2025-05-05,86760.62176500208,0.005445628540096559
2025-05-06,86873.71479359656,0.0013035064329161017
2025-05-07,86603.18888166243,-0.003114013399529214
2025-05-08,85794.30584965929,-0.009340106784155755
2025-05-09,84396.65423193996,-0.016290727034594665
2025-05-12,87293.63309954976,0.03432575490076051
2025-05-13,84404.6964092275,-0.03309447193047521
2025-05-14,85516.18170591399,0.013168524311699015
2025-05-15,87592.28554690565,0.024277321549871056
2025-05-16,86029.22460395086,-0.01784473293732891
2025-05-19,84782.80704123396,-0.014488304043829059
2025-05-20,82828.87866751786,-0.02304628074847548
2025-05-21,83296.55919436348,0.005646346230557153
2025-05-22,82473.80363868027,-0.009877425474003054
2025-05-23,82978.53465711212,0.006119894998939168
2025-05-26,82827.36219409682,-0.0018218261341922393
2025-05-27,82214.63807453118,-0.007397605131137519
2025-05-28,82619.04412227857,0.004918905650120209
2025-05-29,82970.28605156066,0.004251343416201259
2025-05-30,82109.0566106418,-0.010379974348692311
2025-06-02,81772.07355660197,-0.004104091167893786
2025-06-03,81205.62470093006,-0.006927167565095704
2025-06-04,82173.35620325763,0.011917050153749775
2025-06-05,82329.90666676723,0.0019051243705121568
2025-06-06,82390.24281990607,0.0007328582720620425
2025-06-09,82352.36212872827,-0.00045977156858967305
2025-06-10,81499.68977543272,-0.010353951377408022
2025-06-11,80967.39468446717,-0.006531252970805812
2025-06-12,80523.22475834543,-0.00548578755501139
2025-06-13,80421.15791835837,-0.001267545360898903
2025-06-16,80866.79111418017,0.005541243217042524
2025-06-17,81422.57118481434,0.006872785020607841
2025-06-18,80926.77316434772,-0.006089196315616885
2025-06-19,80518.78213773268,-0.005041483932474167
2025-06-20,81240.97338062807,0.008969227101076171
2025-06-23,79252.44370653003,-0.024476930683504206
2025-06-24,79033.98155602191,-0.002756535196782983
2025-06-25,80137.67385309812,0.01396478167171522
2025-06-26,81895.94067509472,0.021940577227381297
2025-06-27,82704.62518684578,0.009874537188104826
2025-06-30,81780.19436090109,-0.011177498523888052
2025-07-01,82196.15212342198,0.005086289727867843
2025-07-02,81945.76660577313,-0.003046195122040407
2025-07-03,81683.37431344822,-0.003202023767588047
2025-07-04,81685.59247951033,2.7155661488809102e-05
2025-07-07,81822.76786213848,0.0016793093918312518
2025-07-08,81418.84020294709,-0.004936616906824343
2025-07-09,81446.26185260052,0.0003367973504053712
2025-07-10,81143.90007559385,-0.0037124082815965798
2025-07-11,82447.40434224493,0.01606410667267344
2025-07-14,81927.25561312301,-0.006308855121293422
2025-07-15,82166.92232980703,0.002925360002485222
2025-07-16,82107.20142493816,-0.0007268241668971775
2025-07-17,81692.17551313009,-0.005054683445610886
2025-07-18,81176.78703036025,-0.006308908772872601
2025-07-21,80567.61356352609,-0.0075042815701283905
2025-07-22,80956.1152028495,0.004822057178311301
2025-07-23,82037.30645871186,0.013355275918974785
2025-07-24,81497.27400891132,-0.006582766708367327
2025-07-25,79404.33859170474,-0.02568104814128791
2025-07-28,78146.20832247048,-0.015844603601618434
2025-07-29,78343.29780628285,0.0025220607377274273
2025-07-30,78325.24960973515,-0.00023037320425700614
2025-07-31,78151.14745798137,-0.002222810046840218
2025-08-01,77777.15347601182,-0.004785521315226027
2025-08-04,77009.49800892145,-0.009869935228821847
2025-08-05,77408.87400905143,0.0051860615957231015
2025-08-06,77382.0167406913,-0.00034695335262202587
2025-08-07,77444.34240841243,0.0008054283197347356
2025-08-08,77027.46116105455,-0.0053829787224404235
2025-08-11,77194.42976726012,0.0021676503897287702
2025-08-12,78226.90482271012,0.013374994265297202
2025-08-13,78260.3980794113,0.0004281552079439255
2025-08-14,78279.81677026139,0.0002481292112823663
2025-08-18,81460.67107778657,0.040634411764918665
2025-08-19,82569.6690104813,0.013613906171184853
2025-08-20,83516.615899412,0.011468459305686407
2025-08-21,83341.6826542506,-0.002094592115323368
2025-08-22,83254.38427680379,-0.0010474755808445035
2025-08-25,83412.56910855802,0.0019000180366273156
2025-08-26,83564.9591719514,0.0018269436491644697
2025-08-28,81918.65754310819,-0.01970086080525235
2025-08-29,80968.8787642399,-0.011594169232674312
2025-09-01,81986.45601885775,0.012567510754110334
2025-09-02,81848.05528679691,-0.0016880926287263787
2025-09-03,81897.73194245592,0.0006069375195898452
2025-09-04,81144.3162298813,-0.009199469810763583
2025-09-05,81161.64862790235,0.0002135996558521036
2025-09-08,81611.94336695925,0.005548122132429167
2025-09-09,82075.27860710907,0.005677296986624558
2025-09-10,82232.77050744405,0.0019188713460100981
2025-09-11,82297.39254515668,0.0007858428861615696
2025-09-12,84338.53096494699,0.02480198165051628
2025-09-15,84294.51359020267,-0.0005219129885321028
2025-09-16,84496.14023234855,0.0023919307859832095
2025-09-17,84627.5362007858,0.0015550529062740015
2025-09-18,84521.93915425248,-0.0012477859013027004
2025-09-19,83594.17413948034,-0.010976617716720538
2025-09-22,83223.60052386308,-0.004433007675857303
2025-09-23,83590.65416252785,0.004410451318547892
2025-09-24,83828.90045886635,0.0028501547059947008
2025-09-25,83977.24322189778,0.0017695897503058333
2025-09-26,83617.80683058623,-0.004280164214986115
2025-09-29,82352.06390096461,-0.015137241427368164
2025-09-30,81952.80153492789,-0.004848237519789134
2025-10-01,81554.14895439973,-0.004864416750393286
2025-10-03,81774.46607807856,0.0027014827142886055
2025-10-06,82242.96084164674,0.005729108192780608
2025-10-07,82937.0625621569,0.008439648979158276
2025-10-08,83045.54861836538,0.0013080527915632079
2025-10-09,83016.67705442135,-0.00034765937999536867
2025-10-10,83167.01295736896,0.0018109120755225305
2025-10-13,83361.16343772283,0.002334464993390961
2025-10-14,82673.11295098529,-0.008253849374973865
2025-10-15,84319.75175049854,0.01991746458718091
2025-10-16,85093.13329185177,0.009172009230312472
2025-10-17,84795.79634050827,-0.0034942531769713847
2025-10-20,85321.79459464905,0.006203117098264821
2025-10-21,85108.89699197115,-0.002495231185529301
2025-10-23,83879.98164742082,-0.01443932876566667
2025-10-24,84418.06315709106,0.006414897799238872
2025-10-27,86247.02308276018,0.021665504481732212
2025-10-28,85746.34036048099,-0.005805217436881893
2025-10-29,86034.51431243878,0.003360772608443696
2025-10-30,85246.9787335585,-0.009153716798124822
2025-10-31,85234.67439590232,-0.0001443375218568299
2025-11-03,84581.13300097808,-0.007667553135577543
2025-11-04,83856.16818130633,-0.008571235616616324
2025-11-05,83856.16818130633,0.0
2025-11-06,84437.32960887931,0.00693045532818104
2025-11-07,83538.17743931341,-0.010648751846261018
2025-11-10,84460.87509918353,0.011045221336560829
2025-11-11,81823.65840748322,-0.031224122276774735
2025-11-12,82732.14572482347,0.01110299068780285
2025-11-13,82152.32206586987,-0.007008444587937479
2025-11-14,81574.00254940789,-0.007039600365748466
2025-11-17,81867.08947147535,0.003592896179024141
2025-11-18,82298.73877950571,0.005272562037041295
2025-11-19,84221.6205710684,0.023364656859620414
2025-11-20,83754.26995699105,-0.0055490574855774355
2025-11-21,82886.52803590882,-0.01036056933608065
2025-11-24,82576.94444958138,-0.003735029004874213
2025-11-25,82214.99922550641,-0.004383126870187826
2025-11-26,83754.9962995051,0.018731339640041256
2025-11-27,83806.97476104369,0.0006206013233254204
2025-11-28,83749.1556441671,-0.0006899081734121904
2025-12-01,83648.0781921738,-0.0012069071170431878
2025-12-02,83299.52826251539,-0.004166861178300341
2025-12-03,82931.3001989717,-0.004420529998480083
2025-12-04,83161.22791868678,0.002772508319095701
2025-12-05,84068.89818085215,0.010914584655398185
2025-12-08,83081.93223002875,-0.011739965340097691
2025-12-09,82415.66981815924,-0.008019341798946478
2025-12-10,81804.31425563787,-0.0074179529678063405
2025-12-11,82179.38242838178,0.004584943669007746
2025-12-12,82551.62554573147,0.004529641211092006
2025-12-15,82732.28384371217,0.00218842811133535
2025-12-16,82209.08221263913,-0.006324032249144795
2025-12-17,82375.78363205513,0.0020277737560043807
2025-12-18,82201.90219479604,-0.0021108319653231344
2025-12-19,82966.33991133515,0.00929951371110116
2025-12-22,83664.8384437411,0.008419059261291162
2025-12-23,82656.35116312104,-0.012053896229037742
2025-12-24,82550.61646528119,-0.0012792083893370387
2025-12-25,82550.61646528119,0.0
2025-12-26,82013.41541333983,-0.006507535315224411
